Tên,Lớp,Phòng Ban,Chức Vụ,links,PersonID
GIUSE Trần Nam An,ThemSuc_1a,Thiếu Nhi,Học Sinh,https://static.hanet.ai/face/employee/998577/87ad8952-ba8f-4f2e-b4c8-c93169b0cf86.jpg,3329000175828992000
PHAOLÔ Lê Trần Thiên Ân,ThemSuc_1a,Thiếu Nhi,Học Sinh,https://static.hanet.ai/face/employee/998577/7d24f682-7fb6-4a0a-9970-1a67ed037b91.jpg,3326101836275908608
Nguyễn Ngọc Thuỳ Anh,ThemSuc_1a,Thiếu Nhi,Học Sinh,https://static.hanet.ai/face/employee/998577/f97bb99d-750f-443a-a9c3-a8e7648dff7c.jpg,3326358193973493760
MARIA Trương Quỳnh Anh,ThemSuc_1a,Thiếu Nhi,Học Sinh,https://static.hanet.ai/face/employee/998577/f4b3d4af-7f40-4a33-8223-1fbb3af3f83a.jpg,3328995570265096192
MARIA Trần Ngọc Ánh,ThemSuc_1a,Thiếu Nhi,Học Sinh,https://static.hanet.ai/face/employee/998577/becfddd0-fc84-4f9e-baa9-fe4ff875e92e.jpg,3328998667473387520
PHANXICÔ Phạm Gia Bảo,ThemSuc_1a,Thiếu Nhi,Học Sinh,,
PHÊRÔ Bùi Bối Bối,ThemSuc_1a,Thiếu Nhi,Học Sinh,https://static.hanet.ai/face/employee/998577/dec33767-7baf-4675-a784-df164b18720c.jpg,3328961743941533696
MARIA Ngô Lệ Lan Chi,ThemSuc_1a,Thiếu Nhi,Học Sinh,,
MARIA Trần Linh Đan,ThemSuc_1a,Thiếu Nhi,Học Sinh,https://static.hanet.ai/face/employee/998577/0887a289-aef9-474d-be5a-9c09a91810a6.jpg,3328998513097834496
PHÊRÔ Bạch Công Đăng,ThemSuc_1a,Thiếu Nhi,Học Sinh,https://static.hanet.ai/face/employee/998577/f56db1c3-e74e-4077-81e2-658e7af7c265.jpg,3328996891386970112
MARIA Phạm Ngọc Diệp,ThemSuc_1a,Thiếu Nhi,Học Sinh,,
GIUSE Lê Nguyễn Minh Đức,ThemSuc_1a,Thiếu Nhi,Học Sinh,,
TÊRÊSA Nguyễn Thị Thu Hà,ThemSuc_1a,Thiếu Nhi,Học Sinh,https://static.hanet.ai/face/employee/998577/1cce40e3-a9e7-41bf-b124-09cbccfc4073.jpg,3328995874310193152
MARIA TÊRÊSA Trần Thanh Hà,ThemSuc_1a,Thiếu Nhi,Học Sinh,https://static.hanet.ai/face/employee/998577/ca805157-4cf7-4e58-96de-2df35f89c1e4.jpg,3328995363662069760
MARIA Phạm Trương Gia Hân,ThemSuc_1a,Thiếu Nhi,Học Sinh,https://static.hanet.ai/face/employee/998577/4fdd67df-d521-44be-adb0-8d615c15a9a9.jpg,3328966772257718272
EMMANUEL Lê Hạo,ThemSuc_1a,Thiếu Nhi,Học Sinh,,
PHANXICÔ Đinh Vũ Minh Hiếu,ThemSuc_1a,Thiếu Nhi,Học Sinh,https://static.hanet.ai/face/employee/998577/3ac0aaf5-1624-41f8-b115-94759f326221.jpg,3328998914064908288
PHAOLÔ Lê Đức Hòa,ThemSuc_1a,Thiếu Nhi,Học Sinh,https://static.hanet.ai/face/employee/998577/a3197833-e794-4edb-b420-765ab3b4027d.jpg,3328999120072343552
TÔMA Trần Văn Hưng,ThemSuc_1a,Thiếu Nhi,Học Sinh,https://static.hanet.ai/face/employee/998577/0178b03b-1aab-4b78-8b8a-735cd961877a.jpg,3328996438259531776
GIOAN Nguyễn Viết Thiện Hữu,ThemSuc_1a,Thiếu Nhi,Học Sinh,https://static.hanet.ai/face/employee/998577/39ffe66f-8c84-4007-b93f-5fcb383fb6bf.jpg,3328996715687575552
GIUSE Trần Gia Khang,ThemSuc_1a,Thiếu Nhi,Học Sinh,https://static.hanet.ai/face/employee/998577/ad19b3f4-fc82-4cb7-9b31-990ff87f510b.jpg,3326761102288617472
RAPHAEL Phạm Thế Khang,ThemSuc_1a,Thiếu Nhi,Học Sinh,https://static.hanet.ai/face/employee/998577/f2a4cf57-e82a-457f-85fa-bb15026c97aa.jpg,3328997362793185280
ANNA Thái Thị Trúc Linh,ThemSuc_1a,Thiếu Nhi,Học Sinh,https://static.hanet.ai/face/employee/998577/66e5b08b-4a99-4129-b742-3ec43dac385e.jpg,3328999320048369664
MATTA Nguyễn Thị Ngọc Mai,ThemSuc_1a,Thiếu Nhi,Học Sinh,,
MARIA Nguyễn Phan Diễm My,ThemSuc_1a,Thiếu Nhi,Học Sinh,,
MARIA Đoàn Vũ Ánh Ngọc,ThemSuc_1a,Thiếu Nhi,Học Sinh,,
ANNA Trương Ngọc Thảo Nguyên,ThemSuc_1a,Thiếu Nhi,Học Sinh,https://static.hanet.ai/face/employee/998577/824e7051-67d9-4176-ab2a-b66911167694.jpg,3328997618746392576
ANNA THÀNH Nguyễn Thị Tuyết Nhi,ThemSuc_1a,Thiếu Nhi,Học Sinh,https://static.hanet.ai/face/employee/998577/b5730630-e9a8-413c-97f5-9361a45f76a4.jpg,3328997893875957760
MARIA Lê Ngọc An Nhiên,ThemSuc_1a,Thiếu Nhi,Học Sinh,,
MAĐALÊNA Lâm Ngọc An Nhiên,ThemSuc_1a,Thiếu Nhi,Học Sinh,https://static.hanet.ai/face/employee/998577/7b42fbff-35e7-4716-95be-fa2f6bc83b41.jpg,3328959937563852800
MARIA Lê Như,ThemSuc_1a,Thiếu Nhi,Học Sinh,https://static.hanet.ai/face/employee/998577/9198f391-40cb-495d-8602-7121923b1a50.jpg,3328999597837123584
ANRÊ Nguyễn Lê Bá Quốc,ThemSuc_1a,Thiếu Nhi,Học Sinh,,
GIUSE Mai Phúc Thịnh,ThemSuc_1a,Thiếu Nhi,Học Sinh,,
MARIA Đặng Trần Giáng Tiên,ThemSuc_1a,Thiếu Nhi,Học Sinh,,
MARIA Vũ Bảo Trân,ThemSuc_1a,Thiếu Nhi,Học Sinh,https://static.hanet.ai/face/employee/998577/22c68b7a-a3d6-492f-8926-bbd94bcd6914.jpg,3328998250257580032
PHAOLÔ Nguyễn Minh Trí,ThemSuc_1a,Thiếu Nhi,Học Sinh,https://static.hanet.ai/face/employee/998577/520fc538-b9f0-4176-b6a2-899d0960aa12.jpg,3328996152241553408
MATTA Lê Phương Uyên,ThemSuc_1a,Thiếu Nhi,Học Sinh,https://static.hanet.ai/face/employee/998577/685b21e5-c202-477c-81a2-0a39659fc0d8.jpg,3328997169871978496